State,,"Total 
all 
classes1",Violent crime2,Property crime2,Murder and nonnegligent manslaughter,Forcible rape,Robbery,Aggravated assault,Burglary,Larceny-theft,Motor vehicle theft,Arson,Other assaults,Forgery and counterfeiting,Fraud,Embezzlement,"Stolen property; buying, receiving, possessing",Vandalism,"Weapons; carrying, possessing, etc.",Prostitution and commercialized vice,"Sex offenses (except forcible 
rape and prostitution)","Drug 
abuse violations",Gambling,"Offenses against 
the family and children",Driving under the influence,Liquor laws,Drunkenness3,Disorderly conduct,Vagrancy,All other offenses (except traffic),Suspicion,Curfew and loitering law violations,Runaways,Number of agencies,"2007 
estimated 
population"
ALABAMA,Under 18,12407.0,697.0,2939.0,35.0,26.0,307.0,329.0,573.0,2221.0,131.0,14.0,1958.0,33.0,57.0,1.0,207.0,265.0,179.0,1.0,48.0,967.0,3.0,18.0,85.0,799.0,92.0,1768.0,21.0,1717.0,0.0,55.0,497.0,287.0,3482050.0
,Total all ages,199688.0,6225.0,20812.0,336.0,319.0,1763.0,3807.0,3379.0,16258.0,1068.0,107.0,25034.0,1892.0,7818.0,61.0,2255.0,2033.0,1467.0,182.0,604.0,17309.0,57.0,1054.0,12857.0,6073.0,10584.0,5014.0,421.0,77383.0,1.0,55.0,497.0,,
ALASKA,Under 18,4161.0,182.0,1287.0,6.0,9.0,24.0,143.0,152.0,1037.0,91.0,7.0,410.0,9.0,7.0,1.0,2.0,259.0,56.0,3.0,33.0,271.0,0.0,6.0,91.0,277.0,31.0,88.0,0.0,747.0,0.0,11.0,390.0,30.0,654555.0
,Total all ages,38578.0,1727.0,4247.0,39.0,75.0,160.0,1453.0,470.0,3390.0,357.0,30.0,4098.0,136.0,161.0,8.0,21.0,954.0,402.0,343.0,172.0,1759.0,8.0,332.0,5187.0,1847.0,129.0,986.0,7.0,15651.0,2.0,11.0,390.0,,
ARIZONA,Under 18,52173.0,1551.0,10518.0,25.0,32.0,422.0,1072.0,1483.0,7915.0,943.0,177.0,4744.0,74.0,111.0,54.0,159.0,3543.0,570.0,25.0,278.0,5334.0,1.0,318.0,597.0,6085.0,0.0,3206.0,42.0,5343.0,0.0,4268.0,5352.0,78.0,5941252.0
,Total all ages,321503.0,8490.0,39236.0,297.0,215.0,1872.0,6106.0,4681.0,30342.0,3924.0,289.0,24597.0,4446.0,1983.0,393.0,1285.0,11573.0,3688.0,1600.0,1695.0,35384.0,1.0,3105.0,38260.0,27405.0,4.0,16750.0,1344.0,90644.0,0.0,4268.0,5352.0,,
ARKANSAS,Under 18,8809.0,306.0,2103.0,5.0,12.0,69.0,220.0,491.0,1539.0,68.0,5.0,1035.0,15.0,23.0,1.0,96.0,472.0,124.0,1.0,38.0,791.0,0.0,12.0,138.0,236.0,264.0,529.0,0.0,1806.0,0.0,528.0,291.0,210.0,1875132.0
,Total all ages,101694.0,2937.0,9343.0,60.0,143.0,416.0,2318.0,2064.0,6973.0,274.0,32.0,8162.0,811.0,3124.0,19.0,891.0,1336.0,957.0,154.0,154.0,9953.0,3.0,234.0,8892.0,1369.0,8118.0,2323.0,673.0,41421.0,1.0,528.0,291.0,,
CALIFORNIA,Under 18,233558.0,17416.0,45662.0,235.0,239.0,6721.0,10221.0,13908.0,26331.0,4563.0,860.0,22086.0,320.0,597.0,184.0,3301.0,16887.0,8597.0,584.0,2256.0,22047.0,78.0,12.0,1626.0,5579.0,4638.0,11835.0,310.0,44228.0,0.0,21126.0,4189.0,634.0,35715843.0
,Total all ages,1540894.0,124293.0,165192.0,2022.0,2141.0,21064.0,99066.0,53738.0,87455.0,22458.0,1541.0,90070.0,9862.0,10159.0,2268.0,19752.0,34799.0,32513.0,12558.0,15145.0,289449.0,689.0,395.0,204015.0,21108.0,112398.0,16604.0,4000.0,350310.0,0.0,21126.0,4189.0,,
COLORADO4,Under 18,43848.0,814.0,7622.0,7.0,60.0,165.0,582.0,785.0,6263.0,370.0,204.0,2243.0,51.0,165.0,22.0,150.0,1872.0,645.0,12.0,214.0,3482.0,0.0,75.0,514.0,5034.0,3.0,4039.0,15.0,9251.0,3.0,2088.0,5534.0,189.0,4358882.0
,Total all ages,225099.0,5741.0,23984.0,109.0,427.0,864.0,4341.0,2644.0,19507.0,1525.0,308.0,15089.0,1256.0,2379.0,220.0,1026.0,5796.0,2325.0,668.0,840.0,18290.0,8.0,2745.0,27969.0,15943.0,305.0,12287.0,171.0,80426.0,9.0,2088.0,5534.0,,
CONNECTICUT,Under 18,18702.0,1028.0,3711.0,3.0,32.0,240.0,753.0,633.0,2721.0,275.0,82.0,3561.0,28.0,62.0,10.0,52.0,1006.0,325.0,1.0,134.0,1613.0,4.0,72.0,98.0,310.0,1.0,3404.0,0.0,3221.0,0.0,43.0,18.0,94.0,3243990.0
,Total all ages,120182.0,5481.0,15546.0,66.0,224.0,1260.0,3931.0,2608.0,11895.0,805.0,238.0,19129.0,792.0,1441.0,214.0,450.0,2564.0,1357.0,479.0,564.0,14663.0,25.0,1318.0,8571.0,1130.0,3.0,15372.0,36.0,30986.0,0.0,43.0,18.0,,
DELAWARE,Under 18,7321.0,548.0,1526.0,2.0,34.0,209.0,303.0,290.0,1160.0,42.0,34.0,1617.0,14.0,107.0,18.0,111.0,376.0,127.0,0.0,40.0,759.0,1.0,4.0,0.0,454.0,23.0,780.0,0.0,695.0,0.0,121.0,0.0,53.0,853712.0
,Total all ages,41350.0,2857.0,6109.0,23.0,130.0,652.0,2052.0,1027.0,4871.0,147.0,64.0,8491.0,633.0,2061.0,282.0,454.0,1166.0,421.0,188.0,167.0,5744.0,2.0,244.0,229.0,2503.0,587.0,2449.0,560.0,6082.0,0.0,121.0,0.0,,
"DISTRICT OF COLUMBIA4, 5",Under 18,479.0,66.0,58.0,0.0,0.0,42.0,24.0,1.0,35.0,22.0,0.0,53.0,0.0,1.0,0.0,2.0,14.0,5.0,0.0,0.0,13.0,0.0,0.0,0.0,4.0,0.0,68.0,0.0,195.0,0.0,0.0,0.0,2.0,
,Total all ages,5933.0,123.0,91.0,1.0,0.0,77.0,45.0,1.0,62.0,28.0,0.0,196.0,0.0,1.0,0.0,16.0,34.0,29.0,0.0,0.0,77.0,0.0,0.0,23.0,1477.0,80.0,204.0,135.0,3447.0,0.0,0.0,0.0,,
"FLORIDA4, 6",Under 18,120190.0,8833.0,34492.0,121.0,254.0,3051.0,5407.0,8811.0,22575.0,2942.0,164.0,16826.0,152.0,746.0,130.0,293.0,2993.0,1959.0,66.0,401.0,14114.0,32.0,,466.0,1376.0,,,,37311.0,,,,592.0,18207878.0
,Total all ages,1126395.0,52291.0,134478.0,902.0,1793.0,11597.0,37999.0,28307.0,94857.0,10874.0,440.0,92738.0,5077.0,17277.0,1450.0,2891.0,9152.0,8263.0,6131.0,3706.0,169360.0,297.0,,58824.0,34898.0,,,,529562.0,,,,,
GEORGIA,Under 18,45233.0,2021.0,9225.0,64.0,45.0,748.0,1164.0,2126.0,6341.0,658.0,100.0,6042.0,121.0,194.0,10.0,666.0,1170.0,1533.0,23.0,615.0,4066.0,9.0,124.0,256.0,1173.0,92.0,5414.0,86.0,8964.0,27.0,882.0,2520.0,308.0,5916753.0
,Total all ages,333657.0,12750.0,39586.0,439.0,356.0,3176.0,8779.0,7099.0,29548.0,2337.0,602.0,27667.0,4634.0,7317.0,332.0,4067.0,3742.0,5528.0,1171.0,3724.0,44019.0,197.0,3482.0,26442.0,9954.0,4686.0,24910.0,882.0,104962.0,203.0,882.0,2520.0,,
IDAHO,Under 18,16035.0,234.0,3018.0,3.0,29.0,19.0,183.0,455.0,2376.0,116.0,71.0,1289.0,23.0,67.0,21.0,53.0,679.0,182.0,0.0,100.0,901.0,0.0,10.0,263.0,1962.0,23.0,618.0,0.0,3724.0,0.0,842.0,2026.0,99.0,1382317.0
,Total all ages,73896.0,1451.0,6578.0,33.0,114.0,74.0,1230.0,1044.0,5163.0,260.0,111.0,6212.0,255.0,490.0,118.0,245.0,1436.0,571.0,10.0,347.0,5660.0,1.0,584.0,11014.0,5946.0,435.0,2447.0,13.0,27215.0,0.0,842.0,2026.0,,
ILLINOIS,Under 18,34250.0,3098.0,5247.0,50.0,74.0,1301.0,1673.0,992.0,2575.0,1647.0,33.0,5748.0,17.0,95.0,0.0,32.0,1997.0,997.0,58.0,86.0,7298.0,1072.0,8.0,36.0,417.0,0.0,3390.0,0.0,3808.0,0.0,828.0,18.0,2.0,2980147.0
,Total all ages,191268.0,8779.0,22072.0,372.0,517.0,2890.0,5000.0,2937.0,13895.0,5129.0,111.0,27562.0,490.0,1318.0,1.0,81.0,5462.0,3736.0,4050.0,1187.0,55125.0,4194.0,435.0,5624.0,1672.0,0.0,22274.0,73.0,26287.0,0.0,828.0,18.0,,
INDIANA,Under 18,35144.0,1080.0,7798.0,18.0,37.0,318.0,707.0,1001.0,6118.0,603.0,76.0,3272.0,42.0,76.0,3.0,1411.0,1194.0,306.0,15.0,216.0,2510.0,6.0,320.0,217.0,2839.0,507.0,2388.0,7.0,6454.0,9.0,1136.0,3338.0,155.0,4535059.0
,Total all ages,215449.0,7402.0,28021.0,223.0,278.0,1897.0,5004.0,3963.0,21803.0,2056.0,199.0,14986.0,1743.0,2067.0,12.0,6374.0,2547.0,1927.0,1861.0,1576.0,22753.0,155.0,1668.0,23463.0,10839.0,17567.0,7908.0,26.0,57936.0,144.0,1136.0,3338.0,,
IOWA,Under 18,21362.0,730.0,5266.0,0.0,29.0,97.0,604.0,814.0,4118.0,252.0,82.0,2637.0,44.0,53.0,6.0,70.0,1700.0,126.0,2.0,56.0,1275.0,2.0,9.0,228.0,1991.0,374.0,2553.0,0.0,2659.0,0.0,947.0,634.0,180.0,2567706.0
,Total all ages,114816.0,3996.0,13442.0,15.0,115.0,374.0,3492.0,2096.0,10638.0,568.0,140.0,10266.0,688.0,1023.0,99.0,253.0,3274.0,486.0,149.0,214.0,8825.0,12.0,843.0,13130.0,8468.0,11940.0,6519.0,27.0,29581.0,0.0,947.0,634.0,,
KANSAS,Under 18,10544.0,341.0,1929.0,7.0,38.0,52.0,244.0,300.0,1511.0,79.0,39.0,1502.0,11.0,22.0,28.0,39.0,496.0,157.0,1.0,76.0,1079.0,0.0,16.0,226.0,1313.0,2.0,636.0,0.0,1185.0,0.0,0.0,1485.0,217.0,1783134.0
,Total all ages,73904.0,2341.0,6170.0,53.0,170.0,292.0,1826.0,1033.0,4639.0,421.0,77.0,10113.0,446.0,1037.0,170.0,310.0,1745.0,767.0,241.0,283.0,7089.0,0.0,217.0,12080.0,7066.0,278.0,3565.0,0.0,18501.0,0.0,0.0,1485.0,,
KENTUCKY,Under 18,7178.0,315.0,1991.0,2.0,7.0,191.0,115.0,414.0,1471.0,102.0,4.0,563.0,15.0,26.0,0.0,235.0,301.0,117.0,1.0,17.0,1249.0,0.0,16.0,32.0,96.0,112.0,412.0,0.0,1388.0,0.0,170.0,122.0,11.0,850422.0
,Total all ages,63884.0,1807.0,8269.0,33.0,39.0,730.0,1005.0,1628.0,6386.0,242.0,13.0,3108.0,625.0,777.0,17.0,876.0,746.0,549.0,766.0,77.0,11883.0,8.0,804.0,3490.0,1038.0,4023.0,1453.0,612.0,22664.0,0.0,170.0,122.0,,
LOUISIANA,Under 18,24445.0,1100.0,4883.0,23.0,47.0,250.0,780.0,1231.0,3351.0,252.0,49.0,4407.0,18.0,31.0,23.0,236.0,825.0,342.0,12.0,169.0,1880.0,15.0,176.0,94.0,315.0,68.0,4048.0,20.0,4324.0,31.0,707.0,721.0,107.0,2617038.0
,Total all ages,173584.0,8014.0,22955.0,242.0,324.0,1119.0,6329.0,5103.0,16555.0,1143.0,154.0,21777.0,868.0,2086.0,329.0,1575.0,3327.0,2029.0,548.0,1033.0,22964.0,139.0,1745.0,8725.0,6391.0,3147.0,16257.0,562.0,47624.0,61.0,707.0,721.0,,
MAINE,Under 18,7158.0,86.0,2031.0,0.0,8.0,20.0,58.0,393.0,1522.0,86.0,30.0,870.0,11.0,21.0,7.0,40.0,492.0,60.0,1.0,63.0,573.0,0.0,5.0,120.0,1111.0,8.0,170.0,0.0,1328.0,0.0,57.0,104.0,163.0,1314909.0
,Total all ages,57731.0,723.0,7727.0,19.0,71.0,172.0,461.0,1306.0,6064.0,287.0,70.0,7160.0,350.0,869.0,57.0,193.0,1535.0,416.0,42.0,256.0,5721.0,2.0,139.0,8097.0,4472.0,65.0,1882.0,0.0,17864.0,0.0,57.0,104.0,,
MARYLAND,Under 18,47646.0,3437.0,11763.0,25.0,52.0,1697.0,1663.0,2390.0,7721.0,1364.0,288.0,8115.0,50.0,84.0,54.0,39.0,2214.0,1387.0,18.0,332.0,7474.0,88.0,31.0,290.0,1320.0,1.0,2418.0,27.0,7446.0,86.0,276.0,696.0,154.0,5562657.0
,Total all ages,296861.0,12513.0,34595.0,327.0,348.0,4119.0,7719.0,6972.0,23780.0,3365.0,478.0,29922.0,1042.0,2329.0,409.0,261.0,4351.0,4271.0,1377.0,1513.0,55155.0,454.0,2255.0,24230.0,6830.0,1.0,7171.0,126.0,106364.0,720.0,276.0,696.0,,
MASSACHUSETTS,Under 18,18407.0,1897.0,3213.0,5.0,29.0,497.0,1366.0,790.0,2137.0,204.0,82.0,2338.0,28.0,45.0,6.0,278.0,930.0,286.0,7.0,97.0,2327.0,0.0,183.0,141.0,1000.0,322.0,1455.0,1.0,3540.0,22.0,7.0,284.0,323.0,5899072.0
,Total all ages,146284.0,11847.0,17142.0,68.0,305.0,1859.0,9615.0,3707.0,12302.0,995.0,138.0,18796.0,828.0,1396.0,119.0,1326.0,3380.0,1386.0,1098.0,606.0,20626.0,22.0,1626.0,11746.0,5209.0,7378.0,8019.0,14.0,33257.0,172.0,7.0,284.0,,
MICHIGAN,Under 18,41319.0,2431.0,11095.0,26.0,108.0,788.0,1509.0,1741.0,8090.0,1102.0,162.0,4345.0,33.0,470.0,48.0,505.0,1459.0,965.0,11.0,303.0,3656.0,17.0,19.0,662.0,4958.0,9.0,1467.0,0.0,6542.0,0.0,976.0,1348.0,513.0,9301438.0
,Total all ages,312777.0,14100.0,36575.0,306.0,598.0,2692.0,10504.0,6122.0,26640.0,3464.0,349.0,28988.0,1176.0,6231.0,1249.0,2253.0,3917.0,5086.0,603.0,1094.0,33923.0,159.0,3308.0,40584.0,22237.0,432.0,9872.0,419.0,98247.0,0.0,976.0,1348.0,,
MINNESOTA7,Under 18,49839.0,1234.0,10005.0,7.0,17.0,410.0,800.0,1109.0,8281.0,498.0,117.0,4280.0,103.0,224.0,4.0,503.0,2082.0,767.0,20.0,313.0,2887.0,4.0,33.0,642.0,7231.0,0.0,4996.0,14.0,6370.0,0.0,4022.0,4105.0,318.0,5078367.0
,Total all ages,215671.0,5950.0,27976.0,115.0,125.0,1334.0,4376.0,3521.0,22470.0,1781.0,204.0,19537.0,1994.0,3482.0,24.0,2045.0,4821.0,2375.0,1119.0,1574.0,18814.0,12.0,834.0,31735.0,29932.0,0.0,15158.0,406.0,39756.0,0.0,4022.0,4105.0,,
MISSISSIPPI,Under 18,8454.0,177.0,1577.0,8.0,14.0,72.0,83.0,397.0,1075.0,81.0,24.0,1274.0,16.0,51.0,20.0,92.0,218.0,154.0,2.0,33.0,637.0,15.0,127.0,93.0,168.0,99.0,1364.0,3.0,1558.0,4.0,555.0,217.0,79.0,1082611.0
,Total all ages,85271.0,1789.0,8185.0,83.0,135.0,545.0,1026.0,1753.0,5892.0,439.0,101.0,9596.0,698.0,1267.0,674.0,641.0,1042.0,758.0,110.0,308.0,10289.0,382.0,2248.0,7881.0,2496.0,4897.0,6199.0,69.0,24923.0,47.0,555.0,217.0,,
MISSOURI,Under 18,40093.0,1431.0,8755.0,19.0,65.0,391.0,956.0,1514.0,6566.0,519.0,156.0,6231.0,63.0,89.0,12.0,489.0,2175.0,540.0,3.0,460.0,3569.0,8.0,108.0,473.0,2690.0,37.0,2192.0,81.0,6822.0,0.0,1200.0,2665.0,580.0,4980958.0
,Total all ages,297234.0,10765.0,35649.0,217.0,461.0,1689.0,8398.0,5734.0,27310.0,2292.0,313.0,30032.0,2248.0,3919.0,154.0,2976.0,6169.0,2891.0,320.0,2132.0,32958.0,110.0,3772.0,31633.0,14380.0,322.0,13345.0,204.0,99390.0,0.0,1200.0,2665.0,,
MONTANA,Under 18,6950.0,79.0,1532.0,0.0,2.0,4.0,73.0,98.0,1293.0,105.0,36.0,701.0,4.0,18.0,3.0,8.0,470.0,36.0,0.0,24.0,332.0,0.0,20.0,73.0,1342.0,0.0,557.0,0.0,828.0,0.0,568.0,355.0,83.0,803145.0
,Total all ages,28136.0,864.0,3983.0,11.0,26.0,47.0,780.0,240.0,3454.0,230.0,59.0,3775.0,59.0,168.0,28.0,22.0,1054.0,92.0,30.0,66.0,1566.0,0.0,252.0,3264.0,5011.0,0.0,2431.0,41.0,4507.0,0.0,568.0,355.0,,
NEBRASKA,Under 18,13708.0,235.0,3100.0,4.0,21.0,77.0,133.0,270.0,2682.0,92.0,56.0,1642.0,21.0,93.0,16.0,152.0,951.0,186.0,1.0,116.0,1095.0,0.0,52.0,268.0,2231.0,0.0,871.0,0.0,2076.0,0.0,290.0,312.0,216.0,1506881.0
,Total all ages,83957.0,1699.0,8823.0,47.0,135.0,289.0,1228.0,845.0,7493.0,384.0,101.0,8136.0,520.0,1743.0,102.0,830.0,2519.0,1037.0,182.0,579.0,9816.0,11.0,1507.0,12350.0,11228.0,0.0,4089.0,44.0,18140.0,0.0,290.0,312.0,,
NEVADA,Under 18,21795.0,657.0,3625.0,13.0,24.0,285.0,335.0,686.0,2678.0,195.0,66.0,2048.0,14.0,39.0,54.0,220.0,1167.0,420.0,25.0,128.0,1427.0,9.0,12.0,86.0,2189.0,60.0,972.0,23.0,3565.0,32.0,3572.0,1451.0,30.0,2467618.0
,Total all ages,167412.0,5595.0,15606.0,151.0,186.0,1739.0,3519.0,2889.0,10747.0,1831.0,139.0,18817.0,1329.0,2315.0,544.0,1727.0,2463.0,2389.0,5430.0,1385.0,14444.0,98.0,1650.0,12538.0,9281.0,123.0,3255.0,3873.0,59493.0,34.0,3572.0,1451.0,,
NEW HAMPSHIRE,Under 18,6602.0,85.0,687.0,1.0,3.0,12.0,69.0,106.0,535.0,29.0,17.0,802.0,4.0,40.0,4.0,107.0,535.0,30.0,0.0,37.0,536.0,0.0,9.0,97.0,987.0,373.0,159.0,0.0,1832.0,0.0,8.0,270.0,131.0,891903.0
,Total all ages,38396.0,358.0,2274.0,4.0,30.0,76.0,248.0,333.0,1829.0,82.0,30.0,4337.0,139.0,877.0,22.0,409.0,1158.0,89.0,27.0,138.0,2570.0,24.0,180.0,4146.0,4753.0,4333.0,918.0,21.0,11345.0,0.0,8.0,270.0,,
NEW JERSEY,Under 18,55824.0,3123.0,8094.0,37.0,56.0,1466.0,1564.0,1568.0,6070.0,246.0,210.0,4425.0,71.0,114.0,17.0,1342.0,3436.0,1733.0,17.0,289.0,6448.0,20.0,52.0,347.0,2863.0,0.0,4763.0,36.0,9120.0,0.0,4872.0,4642.0,539.0,8421399.0
,Total all ages,383797.0,13680.0,31828.0,269.0,400.0,4065.0,8946.0,5848.0,24672.0,936.0,372.0,26830.0,1738.0,3681.0,139.0,4567.0,7457.0,5451.0,1706.0,1606.0,52773.0,182.0,14958.0,25031.0,7757.0,0.0,22776.0,992.0,151131.0,0.0,4872.0,4642.0,,
NEW MEXICO,Under 18,10371.0,459.0,1719.0,10.0,17.0,66.0,366.0,241.0,1365.0,94.0,19.0,1202.0,13.0,38.0,20.0,117.0,427.0,293.0,5.0,17.0,1238.0,1.0,3.0,192.0,917.0,4.0,777.0,2.0,2423.0,4.0,12.0,488.0,58.0,1391131.0
,Total all ages,78484.0,3396.0,6689.0,74.0,117.0,376.0,2829.0,1001.0,5256.0,389.0,43.0,6856.0,278.0,453.0,163.0,824.0,856.0,728.0,348.0,147.0,6805.0,1.0,713.0,10006.0,4014.0,607.0,2737.0,14.0,32312.0,37.0,12.0,488.0,,
NEW YORK4,Under 18,46232.0,3090.0,11478.0,30.0,108.0,1243.0,1709.0,2328.0,8323.0,649.0,178.0,4723.0,184.0,307.0,144.0,1076.0,4272.0,757.0,8.0,841.0,5958.0,16.0,385.0,364.0,1089.0,2.0,2544.0,77.0,8917.0,0.0,0.0,0.0,611.0,10520724.0
,Total all ages,345251.0,16069.0,52969.0,362.0,715.0,4185.0,10807.0,8283.0,41506.0,2707.0,473.0,33324.0,4445.0,8474.0,1031.0,5701.0,13408.0,4256.0,1318.0,4344.0,61163.0,163.0,2489.0,28440.0,5262.0,2.0,15868.0,1133.0,85392.0,0.0,0.0,0.0,,
NORTH CAROLINA,Under 18,45412.0,2409.0,10847.0,54.0,74.0,915.0,1366.0,3087.0,7282.0,305.0,173.0,7968.0,49.0,472.0,97.0,802.0,2276.0,1633.0,8.0,139.0,3855.0,11.0,97.0,408.0,1307.0,0.0,4939.0,39.0,7554.0,0.0,2.0,500.0,303.0,6998327.0
,Total all ages,407663.0,19623.0,56115.0,622.0,577.0,4186.0,14238.0,15261.0,38769.0,1668.0,417.0,53785.0,2728.0,22278.0,1865.0,5530.0,8594.0,7644.0,1492.0,1478.0,38343.0,159.0,7258.0,26928.0,9898.0,0.0,16454.0,382.0,126607.0,0.0,2.0,500.0,,
NORTH DAKOTA,Under 18,6651.0,47.0,1122.0,2.0,7.0,8.0,30.0,100.0,935.0,73.0,14.0,456.0,4.0,33.0,4.0,46.0,309.0,26.0,0.0,17.0,261.0,0.0,86.0,51.0,1306.0,3.0,620.0,0.0,1220.0,0.0,318.0,722.0,63.0,562723.0
,Total all ages,27359.0,321.0,2517.0,11.0,38.0,33.0,239.0,259.0,2068.0,165.0,25.0,1957.0,113.0,863.0,28.0,130.0,608.0,114.0,6.0,70.0,1743.0,3.0,168.0,4119.0,5717.0,713.0,1584.0,4.0,5541.0,0.0,318.0,722.0,,
OHIO,Under 18,40970.0,1158.0,7710.0,29.0,132.0,527.0,470.0,1375.0,5784.0,409.0,142.0,6129.0,46.0,159.0,4.0,800.0,1736.0,539.0,3.0,216.0,3186.0,6.0,856.0,206.0,2523.0,72.0,3410.0,9.0,9453.0,11.0,1791.0,947.0,374.0,6848511.0
,Total all ages,256718.0,6911.0,33375.0,194.0,562.0,2591.0,3564.0,6110.0,25564.0,1399.0,302.0,30211.0,1369.0,3373.0,31.0,3972.0,4506.0,2951.0,1472.0,1027.0,34740.0,53.0,7448.0,19155.0,13600.0,4887.0,20922.0,49.0,63863.0,65.0,1791.0,947.0,,
OKLAHOMA,Under 18,21357.0,714.0,4512.0,16.0,58.0,179.0,461.0,920.0,3193.0,290.0,109.0,1389.0,26.0,55.0,80.0,479.0,511.0,351.0,1.0,71.0,2022.0,1.0,56.0,254.0,442.0,964.0,1125.0,0.0,2975.0,0.0,2200.0,3129.0,292.0,3615869.0
,Total all ages,161719.0,5665.0,15161.0,183.0,319.0,793.0,4370.0,3066.0,10810.0,1010.0,275.0,10302.0,977.0,2662.0,637.0,2555.0,1553.0,2520.0,434.0,781.0,22319.0,5.0,1072.0,18229.0,3295.0,25171.0,3474.0,0.0,39578.0,0.0,2200.0,3129.0,,
OREGON,Under 18,30236.0,862.0,6948.0,7.0,31.0,241.0,583.0,848.0,5568.0,349.0,183.0,2324.0,51.0,86.0,1.0,101.0,2068.0,353.0,23.0,213.0,2259.0,5.0,11.0,194.0,4846.0,0.0,1447.0,0.0,3566.0,0.0,2735.0,2143.0,145.0,3522777.0
,Total all ages,147335.0,4938.0,26225.0,82.0,294.0,1173.0,3389.0,2869.0,21006.0,2049.0,301.0,15173.0,1393.0,1768.0,62.0,684.0,5213.0,1889.0,516.0,1270.0,18664.0,7.0,621.0,17096.0,17928.0,0.0,7615.0,24.0,21371.0,0.0,2735.0,2143.0,,
PENNSYLVANIA,Under 18,102497.0,5257.0,13274.0,52.0,216.0,2117.0,2872.0,2464.0,9241.0,1212.0,357.0,8854.0,97.0,376.0,37.0,693.0,4715.0,1564.0,14.0,557.0,6458.0,22.0,46.0,650.0,7610.0,330.0,16677.0,80.0,7713.0,0.0,25321.0,2152.0,930.0,11408646.0
,Total all ages,467655.0,24609.0,56190.0,516.0,1094.0,7211.0,15788.0,9722.0,41558.0,4168.0,742.0,45908.0,3356.0,9376.0,448.0,3355.0,12457.0,4569.0,2301.0,2772.0,57305.0,280.0,1102.0,49238.0,26428.0,24316.0,60747.0,764.0,54661.0,0.0,25321.0,2152.0,,
RHODE ISLAND,Under 18,4149.0,80.0,890.0,2.0,3.0,16.0,59.0,185.0,657.0,27.0,21.0,478.0,8.0,9.0,8.0,55.0,396.0,108.0,0.0,22.0,358.0,0.0,98.0,31.0,128.0,4.0,709.0,0.0,685.0,0.0,30.0,52.0,41.0,876018.0
,Total all ages,26966.0,463.0,2700.0,9.0,37.0,71.0,346.0,567.0,1975.0,125.0,33.0,2946.0,102.0,678.0,140.0,253.0,955.0,257.0,128.0,74.0,2933.0,16.0,146.0,2131.0,749.0,9.0,2313.0,0.0,9891.0,0.0,30.0,52.0,,
SOUTH CAROLINA,Under 18,24945.0,1360.0,5180.0,32.0,56.0,291.0,981.0,1332.0,3584.0,188.0,76.0,4236.0,74.0,111.0,31.0,300.0,1256.0,775.0,2.0,148.0,3260.0,6.0,223.0,92.0,902.0,175.0,3002.0,0.0,3227.0,0.0,50.0,535.0,479.0,4179455.0
,Total all ages,213355.0,10681.0,25181.0,302.0,418.0,1705.0,8256.0,5306.0,18615.0,1073.0,187.0,23105.0,2457.0,17664.0,559.0,2489.0,4173.0,2718.0,654.0,671.0,30679.0,192.0,1611.0,11712.0,11311.0,10618.0,14808.0,1361.0,40126.0,0.0,50.0,535.0,,
SOUTH DAKOTA,Under 18,3665.0,42.0,645.0,0.0,8.0,1.0,33.0,61.0,544.0,18.0,22.0,247.0,6.0,57.0,3.0,25.0,113.0,30.0,0.0,8.0,210.0,0.0,33.0,75.0,1219.0,16.0,153.0,0.0,237.0,0.0,254.0,292.0,89.0,388719.0
,Total all ages,18014.0,265.0,1502.0,8.0,29.0,17.0,211.0,175.0,1244.0,53.0,30.0,1815.0,52.0,610.0,16.0,67.0,301.0,84.0,4.0,41.0,1371.0,0.0,202.0,4203.0,4572.0,105.0,979.0,13.0,1266.0,0.0,254.0,292.0,,
TENNESSEE,Under 18,35880.0,1747.0,6576.0,16.0,47.0,543.0,1141.0,1300.0,4742.0,452.0,82.0,5548.0,80.0,168.0,39.0,63.0,1459.0,760.0,40.0,143.0,3298.0,34.0,30.0,194.0,1380.0,377.0,4021.0,0.0,5863.0,0.0,1951.0,2109.0,394.0,4848243.0
,Total all ages,304793.0,13613.0,36353.0,286.0,368.0,2915.0,10044.0,5880.0,27773.0,2501.0,199.0,30507.0,3426.0,9323.0,1155.0,835.0,4478.0,3404.0,2219.0,733.0,38899.0,335.0,1420.0,27178.0,8754.0,21671.0,11774.0,61.0,84595.0,0.0,1951.0,2109.0,,
TEXAS,Under 18,166976.0,4881.0,28262.0,59.0,302.0,1487.0,3033.0,5277.0,21347.0,1317.0,321.0,20570.0,208.0,368.0,45.0,110.0,5420.0,1673.0,126.0,618.0,15434.0,68.0,23.0,1180.0,5454.0,3369.0,22717.0,1757.0,29922.0,0.0,12203.0,12568.0,941.0,21758415.0
,Total all ages,1087325.0,33309.0,119633.0,759.0,1947.0,7593.0,23010.0,18544.0,93431.0,6817.0,841.0,99238.0,7843.0,14401.0,427.0,642.0,13282.0,12681.0,8552.0,3878.0,136361.0,695.0,4757.0,88236.0,29125.0,130622.0,41719.0,2652.0,314501.0,0.0,12203.0,12568.0,,
UTAH,Under 18,25789.0,351.0,5513.0,1.0,60.0,71.0,219.0,367.0,4799.0,248.0,99.0,2028.0,34.0,72.0,1.0,172.0,1795.0,391.0,4.0,326.0,1485.0,2.0,133.0,124.0,2670.0,236.0,1996.0,200.0,5595.0,0.0,1969.0,692.0,103.0,2316297.0
,Total all ages,120167.0,1798.0,15694.0,38.0,195.0,406.0,1159.0,1256.0,13667.0,625.0,146.0,9788.0,990.0,1269.0,17.0,869.0,3930.0,1253.0,349.0,865.0,9239.0,3.0,2073.0,7204.0,10679.0,4426.0,5101.0,212.0,41746.0,1.0,1969.0,692.0,,
VERMONT,Under 18,1836.0,42.0,370.0,3.0,4.0,3.0,32.0,101.0,226.0,37.0,6.0,303.0,4.0,9.0,0.0,30.0,122.0,23.0,0.0,12.0,186.0,0.0,6.0,40.0,228.0,4.0,172.0,0.0,279.0,0.0,0.0,6.0,78.0,608835.0
,Total all ages,16731.0,438.0,1820.0,9.0,40.0,24.0,365.0,356.0,1343.0,102.0,19.0,1756.0,121.0,414.0,40.0,168.0,445.0,27.0,2.0,53.0,1632.0,0.0,336.0,3662.0,843.0,5.0,1070.0,2.0,3891.0,0.0,0.0,6.0,,
VIRGINIA,Under 18,39666.0,1142.0,6137.0,21.0,39.0,508.0,574.0,1226.0,4490.0,218.0,203.0,4885.0,53.0,103.0,105.0,216.0,1548.0,689.0,1.0,248.0,2808.0,10.0,30.0,183.0,1825.0,215.0,1978.0,0.0,9314.0,0.0,2620.0,5556.0,334.0,7325924.0
,Total all ages,313457.0,7229.0,28562.0,267.0,354.0,2057.0,4551.0,4381.0,22858.0,959.0,364.0,36747.0,2101.0,8299.0,1817.0,1015.0,4847.0,3892.0,647.0,1019.0,32941.0,113.0,1636.0,24170.0,10129.0,28899.0,7034.0,78.0,104106.0,0.0,2620.0,5556.0,,
WASHINGTON,Under 18,35096.0,1440.0,10234.0,13.0,120.0,524.0,783.0,1662.0,7887.0,491.0,194.0,4571.0,66.0,55.0,14.0,503.0,2414.0,778.0,54.0,195.0,2913.0,0.0,25.0,706.0,4118.0,0.0,757.0,6.0,4395.0,0.0,31.0,1821.0,214.0,4877122.0
,Total all ages,248676.0,7616.0,36073.0,115.0,770.0,1915.0,4816.0,5211.0,28673.0,1845.0,344.0,28616.0,2111.0,1223.0,158.0,3903.0,6901.0,3448.0,874.0,1187.0,28872.0,10.0,725.0,37317.0,12918.0,0.0,5136.0,46.0,69690.0,0.0,31.0,1821.0,,
WEST VIRGINIA,Under 18,2347.0,59.0,513.0,1.0,0.0,9.0,49.0,73.0,400.0,29.0,11.0,404.0,4.0,7.0,1.0,20.0,97.0,22.0,0.0,11.0,224.0,0.0,2.0,30.0,174.0,27.0,35.0,0.0,598.0,0.0,65.0,54.0,275.0,1400508.0
,Total all ages,46835.0,1182.0,4498.0,35.0,32.0,149.0,966.0,622.0,3608.0,214.0,54.0,5919.0,337.0,1056.0,101.0,281.0,692.0,289.0,233.0,109.0,3928.0,4.0,62.0,6327.0,1569.0,4684.0,1222.0,10.0,14213.0,0.0,65.0,54.0,,
WISCONSIN,Under 18,105319.0,1818.0,16047.0,33.0,199.0,675.0,911.0,1953.0,12901.0,1067.0,126.0,3988.0,92.0,216.0,27.0,669.0,4315.0,1422.0,27.0,1182.0,4911.0,50.0,190.0,641.0,10212.0,3.0,19376.0,61.0,27782.0,0.0,7671.0,4619.0,366.0,5484944.0
,Total all ages,421093.0,8007.0,40989.0,217.0,782.0,1971.0,5037.0,4900.0,33639.0,2187.0,263.0,20158.0,2015.0,7346.0,249.0,1687.0,10658.0,4894.0,825.0,3041.0,25746.0,153.0,2884.0,41308.0,43695.0,5.0,65824.0,3054.0,126265.0,0.0,7671.0,4619.0,,
WYOMING,Under 18,7139.0,70.0,988.0,0.0,3.0,6.0,61.0,84.0,836.0,58.0,10.0,837.0,1.0,7.0,0.0,15.0,310.0,48.0,0.0,20.0,562.0,0.0,25.0,89.0,1213.0,26.0,278.0,7.0,1642.0,74.0,437.0,490.0,61.0,516496.0
,Total all ages,39808.0,641.0,2683.0,13.0,37.0,43.0,548.0,292.0,2230.0,138.0,23.0,3370.0,93.0,180.0,7.0,74.0,783.0,134.0,4.0,157.0,3110.0,5.0,230.0,6116.0,4370.0,2480.0,1452.0,21.0,12879.0,92.0,437.0,490.0,,
